finding_id,title,severity,cvss_score,epss_score,epss_percentile,severity_score,age_days,is_verified,is_active,has_cve,ai_risk_score,ai_severity,scanner_OTHER,cwe_access_control,cwe_auth,cwe_config,cwe_crypto,cwe_data_exposure,cwe_injection,cwe_memory,cwe_other
1640,javascript.sequelize.security.audit.sequelize-injection-express.express-sequelize-injection,high,7.5,0.0,0.0,3,-1,0,1,0,5.5,Medium,1,0,0,0,0,0,1,0,0
1641,javascript.sequelize.security.audit.sequelize-injection-express.express-sequelize-injection,high,7.5,0.0,0.0,3,-1,0,1,0,5.5,Medium,1,0,0,0,0,0,1,0,0
1642,javascript.audit.detect-replaceall-sanitization.detect-replaceall-sanitization,low,2.5,0.0,0.0,1,-1,0,1,0,2.8,Low,1,0,0,0,0,0,1,0,0
1643,javascript.sequelize.security.audit.sequelize-injection-express.express-sequelize-injection,high,7.5,0.0,0.0,3,-1,0,1,0,5.5,Medium,1,0,0,0,0,0,1,0,0
1644,javascript.sequelize.security.audit.sequelize-injection-express.express-sequelize-injection,high,7.5,0.0,0.0,3,-1,0,1,0,5.5,Medium,1,0,0,0,0,0,1,0,0
1645,generic.secrets.security.detected-generic-secret.detected-generic-secret,high,7.5,0.0,0.0,3,-1,0,1,0,5.5,Medium,1,0,0,0,0,0,0,0,1
1646,generic.secrets.security.detected-jwt-token.detected-jwt-token,high,7.5,0.0,0.0,3,-1,0,1,0,5.5,Medium,1,0,0,0,0,0,0,0,1
1647,generic.secrets.security.detected-jwt-token.detected-jwt-token,high,7.5,0.0,0.0,3,-1,0,1,0,5.5,Medium,1,0,0,0,0,0,0,0,1
1648,generic.secrets.security.detected-jwt-token.detected-jwt-token,high,7.5,0.0,0.0,3,-1,0,1,0,5.5,Medium,1,0,0,0,0,0,0,0,1
1649,javascript.browser.security.insecure-document-method.insecure-document-method,high,7.5,0.0,0.0,3,-1,0,0,0,5.5,Medium,1,0,0,0,0,0,1,0,0
1650,javascript.lang.security.audit.prototype-pollution.prototype-pollution-loop.prototype-pollution-loop,medium,5.0,0.0,0.0,2,-1,0,1,0,4.15,Medium,1,0,0,0,0,0,0,0,1
1651,javascript.browser.security.insecure-document-method.insecure-document-method,high,7.5,0.0,0.0,3,-1,0,1,0,5.5,Medium,1,0,0,0,0,0,1,0,0
1652,html.security.audit.missing-integrity.missing-integrity,medium,5.0,0.0,0.0,2,-1,0,1,0,4.15,Medium,1,0,0,0,0,0,0,0,1
1653,html.security.audit.missing-integrity.missing-integrity,medium,5.0,0.0,0.0,2,-1,0,1,0,4.15,Medium,1,0,0,0,0,0,0,0,1
1654,html.security.audit.missing-integrity.missing-integrity,medium,5.0,0.0,0.0,2,-1,0,1,0,4.15,Medium,1,0,0,0,0,0,0,0,1
1655,javascript.lang.security.audit.detect-non-literal-regexp.detect-non-literal-regexp,medium,5.0,0.0,0.0,2,-1,0,1,0,4.15,Medium,1,0,0,0,0,0,0,0,1
1656,javascript.lang.security.audit.detect-non-literal-regexp.detect-non-literal-regexp,medium,5.0,0.0,0.0,2,-1,0,1,0,4.15,Medium,1,0,0,0,0,0,0,0,1
1657,javascript.lang.security.audit.hardcoded-hmac-key.hardcoded-hmac-key,medium,5.0,0.0,0.0,2,-1,0,1,0,4.15,Medium,1,0,0,0,0,0,0,0,1
1658,javascript.jsonwebtoken.security.jwt-hardcode.hardcoded-jwt-secret,medium,5.0,0.0,0.0,2,-1,0,1,0,4.15,Medium,1,0,0,0,0,0,0,0,1
1659,javascript.lang.security.audit.hardcoded-hmac-key.hardcoded-hmac-key,medium,5.0,0.0,0.0,2,-1,0,1,0,4.15,Medium,1,0,0,0,0,0,0,0,1
1660,javascript.express.security.audit.express-detect-notevil-usage.express-detect-notevil-usage,medium,5.0,0.0,0.0,2,-1,0,1,0,4.15,Medium,1,0,0,0,0,0,0,0,1
1661,javascript.browser.security.eval-detected.eval-detected,medium,5.0,0.0,0.0,2,-1,0,1,0,4.15,Medium,1,0,0,0,0,0,0,0,1
1662,javascript.express.security.injection.raw-html-format.raw-html-format,medium,5.0,0.0,0.0,2,-1,0,1,0,4.15,Medium,1,0,0,0,0,0,1,0,0
1663,javascript.express.security.audit.express-res-sendfile.express-res-sendfile,medium,5.0,0.0,0.0,2,-1,0,1,0,4.15,Medium,1,0,0,0,0,0,0,0,1
1664,javascript.express.security.audit.express-libxml-vm-noent.express-libxml-vm-noent,medium,5.0,0.0,0.0,2,-1,0,1,0,4.15,Medium,1,0,0,0,0,0,1,0,0
1665,javascript.express.security.audit.express-res-sendfile.express-res-sendfile,medium,5.0,0.0,0.0,2,-1,0,1,0,4.15,Medium,1,0,0,0,0,0,0,0,1
1666,javascript.express.security.audit.express-res-sendfile.express-res-sendfile,medium,5.0,0.0,0.0,2,-1,0,1,0,4.15,Medium,1,0,0,0,0,0,0,0,1
1667,javascript.sequelize.security.audit.sequelize-injection-express.express-sequelize-injection,high,7.5,0.0,0.0,3,-1,0,1,0,5.5,Medium,1,0,0,0,0,0,1,0,0
1668,javascript.express.security.audit.express-res-sendfile.express-res-sendfile,medium,5.0,0.0,0.0,2,-1,0,1,0,4.15,Medium,1,0,0,0,0,0,0,0,1
1669,javascript.express.security.audit.express-open-redirect.express-open-redirect,medium,5.0,0.0,0.0,2,-1,0,1,0,4.15,Medium,1,0,0,0,0,0,0,0,1
1670,javascript.sequelize.security.audit.sequelize-injection-express.express-sequelize-injection,high,7.5,0.0,0.0,3,-1,0,1,0,5.5,Medium,1,0,0,0,0,0,1,0,0
1671,javascript.browser.security.eval-detected.eval-detected,medium,5.0,0.0,0.0,2,-1,0,1,0,4.15,Medium,1,0,0,0,0,0,0,0,1
1672,javascript.lang.security.audit.code-string-concat.code-string-concat,high,7.5,0.0,0.0,3,-1,0,1,0,5.5,Medium,1,0,0,0,0,0,0,0,1
1673,javascript.lang.security.audit.unknown-value-with-script-tag.unknown-value-with-script-tag,medium,5.0,0.0,0.0,2,-1,0,1,0,4.15,Medium,1,0,0,0,0,0,1,0,0
1674,javascript.lang.security.audit.unknown-value-with-script-tag.unknown-value-with-script-tag,medium,5.0,0.0,0.0,2,-1,0,1,0,4.15,Medium,1,0,0,0,0,0,1,0,0
1675,javascript.lang.security.audit.unsafe-formatstring.unsafe-formatstring,low,2.5,0.0,0.0,1,-1,0,1,0,2.8,Low,1,0,0,0,0,0,0,0,1
1676,javascript.express.security.audit.express-check-directory-listing.express-check-directory-listing,medium,5.0,0.0,0.0,2,-1,0,1,0,4.15,Medium,1,0,0,0,0,0,0,0,1
1677,javascript.express.security.audit.express-check-directory-listing.express-check-directory-listing,medium,5.0,0.0,0.0,2,-1,0,1,0,4.15,Medium,1,0,0,0,0,0,0,0,1
1678,javascript.express.security.audit.express-check-directory-listing.express-check-directory-listing,medium,5.0,0.0,0.0,2,-1,0,1,0,4.15,Medium,1,0,0,0,0,0,0,0,1
1679,javascript.express.security.audit.express-check-directory-listing.express-check-directory-listing,medium,5.0,0.0,0.0,2,-1,0,1,0,4.15,Medium,1,0,0,0,0,0,0,0,1
1680,javascript.express.security.audit.xss.pug.explicit-unescape.template-explicit-unescape,medium,5.0,0.0,0.0,2,-1,0,1,0,4.15,Medium,1,0,0,0,0,0,1,0,0
1681,CVE-2022-27943 GCC-12-Base 12.2.0-14+deb12u1,low,5.5,0.00051,0.15846,1,-1,0,0,0,3.88,Low,1,0,0,0,0,0,0,0,1
1682,CVE-2026-0861 Libc6 2.36-9+deb12u13,high,8.1,0.0001,0.01082,3,-1,0,0,0,5.72,Medium,1,0,0,0,0,0,0,0,1
1683,CVE-2025-15281 Libc6 2.36-9+deb12u13,medium,5.9,0.00066,0.20358,2,-1,0,0,0,4.48,Medium,1,0,0,0,0,0,0,0,1
1684,CVE-2026-0915 Libc6 2.36-9+deb12u13,medium,5.3,0.0002,0.0524,2,-1,0,0,0,4.26,Medium,1,0,0,0,0,0,0,0,1
1685,CVE-2010-4756 Libc6 2.36-9+deb12u13,low,2.5,0.00405,0.60727,1,-1,0,0,0,2.81,Low,1,0,0,0,0,0,0,0,1
1686,CVE-2018-20796 Libc6 2.36-9+deb12u13,low,7.5,0.01533,0.81176,1,-1,0,0,0,4.64,Medium,1,0,0,0,0,0,0,0,1
1687,CVE-2019-1010022 Libc6 2.36-9+deb12u13,low,9.8,0.00131,0.32579,1,-1,0,0,0,5.43,Medium,1,0,0,0,0,0,0,1,0
1688,CVE-2019-1010023 Libc6 2.36-9+deb12u13,low,8.8,0.00322,0.54999,1,-1,0,0,0,5.08,Medium,1,0,0,0,0,0,0,0,1
1689,CVE-2019-1010024 Libc6 2.36-9+deb12u13,low,5.3,0.00646,0.70505,1,-1,0,0,0,3.83,Low,1,0,0,0,0,1,0,0,0
1690,CVE-2019-1010025 Libc6 2.36-9+deb12u13,low,5.3,0.00856,0.74807,1,-1,0,0,0,3.83,Low,1,0,0,0,0,0,0,0,1
1691,CVE-2019-9192 Libc6 2.36-9+deb12u13,low,7.5,0.00812,0.74095,1,-1,0,0,0,4.62,Medium,1,0,0,0,0,0,0,0,1
1692,CVE-2022-27943 Libgcc-S1 12.2.0-14+deb12u1,low,5.5,0.00051,0.15846,1,-1,0,0,0,3.88,Low,1,0,0,0,0,0,0,0,1
1693,CVE-2022-27943 Libgomp1 12.2.0-14+deb12u1,low,5.5,0.00051,0.15846,1,-1,0,0,0,3.88,Low,1,0,0,0,0,0,0,0,1
1694,CVE-2025-27587 Libssl3 3.0.18-1~deb12u2,low,2.5,0.00071,0.21576,1,-1,0,0,0,2.8,Low,1,0,0,0,0,0,0,0,1
1695,CVE-2022-27943 Libstdc++6 12.2.0-14+deb12u1,low,5.5,0.00051,0.15846,1,-1,0,0,0,3.88,Low,1,0,0,0,0,0,0,0,1
1696,CVE-2026-3449 @Tootallnate/Once 1.1.2,low,3.3,0.00013,0.02195,1,-1,0,1,0,3.09,Low,1,0,0,0,0,0,0,0,1
1697,CVE-2026-3449 @Tootallnate/Once 2.0.0,low,3.3,0.00013,0.02195,1,-1,0,1,0,3.09,Low,1,0,0,0,0,0,0,0,1
1698,NSWG-ECO-428 Base64url 0.0.6,high,7.5,0.0,0.0,3,-1,0,1,0,5.5,Medium,1,0,0,0,0,0,0,0,1
1699,GHSA-rvg8-pwq2-xj7q Base64url 0.0.6,medium,5.0,0.0,0.0,2,-1,0,1,0,4.15,Medium,1,0,0,0,0,0,0,0,1
1700,CVE-2024-4068 Braces 2.3.2,high,7.5,0.00203,0.42201,3,-1,0,1,0,5.51,Medium,1,0,0,0,0,0,0,0,1
1701,CVE-2024-47764 Cookie 0.4.2,low,3.7,0.00205,0.42477,1,-1,0,1,0,3.24,Low,1,0,0,0,0,0,0,0,1
1702,CVE-2023-46233 Crypto-Js 3.3.0,critical,9.1,0.00823,0.74268,4,-1,0,1,0,6.55,High,1,0,0,0,1,0,0,0,0
1703,CVE-2022-41940 engine.io 4.1.2,medium,6.5,0.0206,0.83764,2,-1,0,1,0,4.75,Medium,1,0,0,0,0,0,0,0,1
1704,CVE-2020-15084 Express-JWT 0.1.3,high,7.7,0.00222,0.4463,3,-1,0,1,0,5.58,Medium,1,0,0,0,0,0,0,0,1
1705,CVE-2026-31808 File-Type 16.5.4,medium,5.3,0.00028,0.07656,2,-1,0,0,0,4.26,Medium,1,0,0,0,0,0,0,0,1
1706,CVE-2022-33987 Got 8.3.2,medium,5.3,0.00807,0.74017,2,-1,0,1,0,4.28,Medium,1,0,0,0,0,0,0,0,1
1707,CVE-2022-25881 HTTP-Cache-Semantics 3.8.1,high,7.5,0.00196,0.41375,3,-1,0,1,0,5.51,Medium,1,0,0,0,0,0,0,0,1
1708,CVE-2025-64718 Js-Yaml 3.14.1,medium,5.3,0.00022,0.05747,2,-1,0,1,0,4.26,Medium,1,0,0,0,0,0,0,0,1
1709,CVE-2015-9235 Jsonwebtoken 0.1.0,critical,9.8,0.37066,0.97115,4,-1,0,1,0,7.78,High,1,0,0,0,0,0,0,0,1
1710,CVE-2022-23539 Jsonwebtoken 0.1.0,high,8.1,0.00072,0.21881,3,-1,0,1,0,5.72,Medium,1,0,0,0,1,0,0,0,0
1711,NSWG-ECO-17 Jsonwebtoken 0.1.0,high,7.5,0.0,0.0,3,-1,0,1,0,5.5,Medium,1,0,0,0,0,0,0,0,1
1712,CVE-2022-23540 Jsonwebtoken 0.1.0,medium,6.4,0.00017,0.04174,2,-1,0,1,0,4.65,Medium,1,0,1,0,0,0,0,0,0
1713,CVE-2022-23541 Jsonwebtoken 0.1.0,medium,5.0,0.0006,0.18743,2,-1,0,1,0,4.15,Medium,1,0,1,0,0,0,0,0,0
1714,CVE-2015-9235 Jsonwebtoken 0.4.0,critical,9.8,0.37066,0.97115,4,-1,0,1,0,7.78,High,1,0,0,0,0,0,0,0,1
1715,CVE-2022-23539 Jsonwebtoken 0.4.0,high,8.1,0.00072,0.21881,3,-1,0,1,0,5.72,Medium,1,0,0,0,1,0,0,0,0
1716,NSWG-ECO-17 Jsonwebtoken 0.4.0,high,7.5,0.0,0.0,3,-1,0,1,0,5.5,Medium,1,0,0,0,0,0,0,0,1
1717,CVE-2022-23540 Jsonwebtoken 0.4.0,medium,6.4,0.00017,0.04174,2,-1,0,1,0,4.65,Medium,1,0,1,0,0,0,0,0,0
1718,CVE-2022-23541 Jsonwebtoken 0.4.0,medium,5.0,0.0006,0.18743,2,-1,0,1,0,4.15,Medium,1,0,1,0,0,0,0,0,0
1719,CVE-2016-1000223 JWS 0.2.6,high,8.7,0.0,0.0,3,-1,0,1,0,5.93,Medium,1,0,0,0,0,0,0,0,1
1720,Cve-2025-65945 JWS 0.2.6,high,7.5,0.0001,0.01086,3,-1,0,1,0,5.5,Medium,1,0,0,0,0,0,0,0,1
1721,CVE-2019-10744 Lodash 2.4.2,critical,9.1,0.03254,0.87014,4,-1,0,1,0,6.61,High,1,0,0,0,0,0,0,0,1
1722,CVE-2018-16487 Lodash 2.4.2,high,5.6,0.00345,0.56777,3,-1,0,1,0,4.83,Medium,1,0,0,0,0,0,0,0,1
1723,CVE-2021-23337 Lodash 2.4.2,high,7.2,0.00517,0.66478,3,-1,0,1,0,5.41,Medium,1,0,0,0,0,0,0,0,1
1724,CVE-2018-3721 Lodash 2.4.2,low,6.5,0.00252,0.48351,1,-1,0,1,0,4.25,Medium,1,0,0,0,0,0,0,0,1
1725,CVE-2020-8203 lodash.set 4.3.2,high,7.4,0.02826,0.86028,3,-1,0,1,0,5.54,Medium,1,0,0,0,0,0,0,0,1
1726,GHSA-5mrr-rgp6-x4gr Marsdb 0.6.11,critical,9.5,0.0,0.0,4,-1,0,1,0,6.67,High,1,0,0,0,0,0,0,0,1
1727,CVE-2025-57349 Messageformat 2.3.0,low,2.5,0.00306,0.53605,1,-1,0,1,0,2.81,Low,1,0,0,0,0,0,0,0,1
1728,CVE-2024-4067 Micromatch 3.1.10,medium,5.3,0.00126,0.31823,2,-1,0,1,0,4.26,Medium,1,0,0,0,0,0,0,0,1
1729,CVE-2026-26996 Minimatch 3.0.5,high,7.5,0.00017,0.03934,3,-1,0,1,0,5.5,Medium,1,0,0,0,0,0,0,0,1
1730,CVE-2026-27903 Minimatch 3.0.5,high,7.5,0.00023,0.06075,3,-1,0,1,0,5.5,Medium,1,0,0,0,0,0,0,0,1
1731,CVE-2026-27904 Minimatch 3.0.5,high,7.5,0.00017,0.03968,3,-1,0,1,0,5.5,Medium,1,0,0,0,0,0,0,0,1
1732,CVE-2026-26996 Minimatch 3.0.8,high,7.5,0.00017,0.03934,3,-1,0,1,0,5.5,Medium,1,0,0,0,0,0,0,0,1
1733,CVE-2026-27903 Minimatch 3.0.8,high,7.5,0.00023,0.06075,3,-1,0,1,0,5.5,Medium,1,0,0,0,0,0,0,0,1
1734,CVE-2026-27904 Minimatch 3.0.8,high,7.5,0.00017,0.03968,3,-1,0,1,0,5.5,Medium,1,0,0,0,0,0,0,0,1
1735,CVE-2017-18214 Moment 2.0.0,high,7.5,0.00421,0.61768,3,-1,0,1,0,5.51,Medium,1,0,0,0,0,0,0,0,1
1736,CVE-2022-24785 Moment 2.0.0,high,7.5,0.01673,0.81991,3,-1,0,1,0,5.55,Medium,1,1,0,0,0,0,0,0,0
1737,CVE-2016-4055 Moment 2.0.0,medium,6.5,0.02708,0.85747,2,-1,0,1,0,4.76,Medium,1,0,0,0,0,0,0,0,1
1738,CVE-2025-47935 Multer 1.4.5-lts.2,high,7.5,0.00177,0.38989,3,-1,0,1,0,5.5,Medium,1,0,0,0,0,0,0,1,0
1739,CVE-2025-47944 Multer 1.4.5-lts.2,high,7.5,0.00041,0.12276,3,-1,0,1,0,5.5,Medium,1,0,0,0,0,0,0,0,1
1740,CVE-2025-48997 Multer 1.4.5-lts.2,high,7.5,0.00068,0.20934,3,-1,0,1,0,5.5,Medium,1,0,0,0,0,0,0,0,1
1741,CVE-2025-7338 Multer 1.4.5-lts.2,high,7.5,0.00013,0.01934,3,-1,0,1,0,5.5,Medium,1,0,0,0,0,0,0,0,1
1742,CVE-2026-2359 Multer 1.4.5-lts.2,high,7.5,0.00017,0.03954,3,-1,0,1,0,5.5,Medium,1,0,0,0,0,0,0,0,1
1743,CVE-2026-3304 Multer 1.4.5-lts.2,high,7.5,0.00017,0.03954,3,-1,0,1,0,5.5,Medium,1,0,0,0,0,0,0,0,1
1744,CVE-2026-3520 Multer 1.4.5-lts.2,high,7.5,0.00058,0.18222,3,-1,0,1,0,5.5,Medium,1,0,0,0,0,0,0,0,1
1745,CVE-2021-23771 Notevil 1.3.3,medium,6.5,0.00304,0.53447,2,-1,0,1,0,4.7,Medium,1,0,0,0,0,0,0,0,1
1746,CVE-2022-25887 Sanitize-HTML 1.4.2,high,7.5,0.00447,0.63296,3,-1,0,1,0,5.51,Medium,1,0,0,0,0,0,0,0,1
1747,CVE-2016-1000237 Sanitize-HTML 1.4.2,medium,6.1,0.00328,0.55481,2,-1,0,1,0,4.55,Medium,1,0,0,0,0,0,1,0,0
1748,CVE-2017-16016 Sanitize-HTML 1.4.2,medium,6.1,0.00286,0.51794,2,-1,0,1,0,4.55,Medium,1,0,0,0,0,0,1,0,0
1749,CVE-2019-25225 Sanitize-HTML 1.4.2,medium,6.1,0.0004,0.12005,2,-1,0,1,0,4.55,Medium,1,0,0,0,0,0,1,0,0
1750,CVE-2021-26539 Sanitize-HTML 1.4.2,medium,5.3,0.00288,0.52045,2,-1,0,1,0,4.27,Medium,1,0,0,0,0,0,0,0,1
1751,CVE-2021-26540 Sanitize-HTML 1.4.2,medium,5.3,0.00288,0.52045,2,-1,0,1,0,4.27,Medium,1,0,0,0,0,0,0,0,1
1752,CVE-2024-21501 Sanitize-HTML 1.4.2,medium,5.3,0.01807,0.82677,2,-1,0,1,0,4.31,Medium,1,0,0,0,0,1,0,0,0
1753,NSWG-ECO-154 Sanitize-HTML 1.4.2,medium,5.0,0.0,0.0,2,-1,0,1,0,4.15,Medium,1,0,0,0,0,0,0,0,1
1754,CVE-2024-38355 socket.io 3.1.2,medium,7.3,0.00136,0.33213,2,-1,0,1,0,4.98,Medium,1,0,0,0,0,0,0,0,1
1755,CVE-2023-32695 socket.io-parser 4.0.5,medium,7.3,0.00203,0.42251,2,-1,0,1,0,4.98,Medium,1,0,0,0,0,0,0,0,1
1756,CVE-2026-23745 Tar 4.4.19,high,7.5,7e-05,0.00645,3,-1,0,1,0,5.5,Medium,1,1,0,0,0,0,0,0,0
1757,CVE-2026-23950 Tar 4.4.19,high,8.8,8e-05,0.0068,3,-1,0,1,0,5.97,Medium,1,0,0,0,0,0,0,0,1
1758,CVE-2026-24842 Tar 4.4.19,high,8.2,0.00018,0.04568,3,-1,0,1,0,5.75,Medium,1,1,0,0,0,0,0,0,0
1759,CVE-2026-26960 Tar 4.4.19,high,7.1,5e-05,0.00225,3,-1,0,1,0,5.36,Medium,1,1,0,0,0,0,0,0,0
1760,CVE-2026-29786 Tar 4.4.19,high,7.5,5e-05,0.00249,3,-1,0,1,0,5.5,Medium,1,1,0,0,0,0,0,0,0
1761,CVE-2026-31802 Tar 4.4.19,high,7.5,7e-05,0.00484,3,-1,0,0,0,5.5,Medium,1,1,0,0,0,0,0,0,0
1762,CVE-2024-28863 Tar 4.4.19,medium,6.5,0.00463,0.64003,2,-1,0,1,0,4.7,Medium,1,0,0,0,0,0,0,0,1
1763,CVE-2026-23745 Tar 6.2.1,high,7.5,7e-05,0.00645,3,-1,0,1,0,5.5,Medium,1,1,0,0,0,0,0,0,0
1764,CVE-2026-23950 Tar 6.2.1,high,8.8,8e-05,0.0068,3,-1,0,1,0,5.97,Medium,1,0,0,0,0,0,0,0,1
1765,CVE-2026-24842 Tar 6.2.1,high,8.2,0.00018,0.04568,3,-1,0,1,0,5.75,Medium,1,1,0,0,0,0,0,0,0
1766,CVE-2026-26960 Tar 6.2.1,high,7.1,5e-05,0.00225,3,-1,0,1,0,5.36,Medium,1,1,0,0,0,0,0,0,0
1767,CVE-2026-29786 Tar 6.2.1,high,7.5,5e-05,0.00249,3,-1,0,1,0,5.5,Medium,1,1,0,0,0,0,0,0,0
1768,CVE-2026-31802 Tar 6.2.1,high,7.5,7e-05,0.00484,3,-1,0,0,0,5.5,Medium,1,1,0,0,0,0,0,0,0
1769,CVE-2023-32314 Vm2 3.9.17,critical,9.8,0.70028,0.98651,4,-1,0,1,0,8.67,Critical,1,0,0,0,0,0,0,0,1
1770,CVE-2023-37466 Vm2 3.9.17,critical,9.8,0.04997,0.89612,4,-1,0,1,0,6.91,High,1,0,0,0,0,0,0,0,1
1771,CVE-2023-37903 Vm2 3.9.17,critical,9.8,0.39819,0.97276,4,-1,0,1,0,7.85,High,1,0,0,0,0,0,1,0,0
1772,CVE-2026-22709 Vm2 3.9.17,critical,9.8,0.00044,0.13475,4,-1,0,1,0,6.78,High,1,0,0,0,0,0,0,0,1
1773,CVE-2023-32313 Vm2 3.9.17,medium,5.3,0.00575,0.68541,2,-1,0,1,0,4.27,Medium,1,0,0,0,0,0,0,0,1
1774,CVE-2024-37890 Ws 7.4.6,high,7.5,0.00541,0.67415,3,-1,0,1,0,5.51,Medium,1,0,0,0,0,0,0,1,0
1775,Content Security Policy (CSP) Header Not Set,medium,5.0,0.0,0.0,2,-1,0,1,0,4.15,Medium,1,0,0,0,0,0,0,0,1
1776,Cross-Domain Misconfiguration,medium,5.0,0.0,0.0,2,-1,0,1,0,4.15,Medium,1,0,0,0,0,0,0,0,1
1777,Missing Anti-Clickjacking Header,medium,5.0,0.0,0.0,2,-1,0,1,0,4.15,Medium,1,0,0,0,0,0,0,0,1
1778,Session ID in URL Rewrite,medium,5.0,0.0,0.0,2,-1,0,1,0,4.15,Medium,1,0,0,0,0,0,0,0,1
1779,Cross-Domain JavaScript Source File Inclusion,low,2.5,0.0,0.0,1,-1,0,1,0,2.8,Low,1,0,0,0,0,0,0,0,1
1780,Cross-Origin-Embedder-Policy Header Missing or Invalid,low,2.5,0.0,0.0,1,-1,0,1,0,2.8,Low,1,0,0,0,0,0,0,0,1
1781,Cross-Origin-Opener-Policy Header Missing or Invalid,low,2.5,0.0,0.0,1,-1,0,1,0,2.8,Low,1,0,0,0,0,0,0,0,1
1782,Dangerous JS Functions,low,2.5,0.0,0.0,1,-1,0,1,0,2.8,Low,1,0,0,0,0,0,0,0,1
1783,Deprecated Feature Policy Header Set,low,2.5,0.0,0.0,1,-1,0,1,0,2.8,Low,1,0,0,1,0,0,0,0,0
1784,Private IP Disclosure,low,2.5,0.0,0.0,1,-1,0,1,0,2.8,Low,1,0,0,0,0,0,0,0,1
1785,Timestamp Disclosure - Unix,low,2.5,0.0,0.0,1,-1,0,1,0,2.8,Low,1,0,0,0,0,0,0,0,1
1786,X-Content-Type-Options Header Missing,low,2.5,0.0,0.0,1,-1,0,1,0,2.8,Low,1,0,0,0,0,0,0,0,1
1787,Modern Web Application,info,0.5,0.0,0.0,0,-1,0,1,0,1.63,Info,1,0,0,0,0,0,0,0,1
1788,Non-Storable Content,info,0.5,0.0,0.0,0,-1,0,1,0,1.63,Info,1,0,0,0,0,0,0,0,1
1789,Session Management Response Identified,info,0.5,0.0,0.0,0,-1,0,1,0,1.63,Info,1,0,0,0,0,0,0,0,1
1790,Storable and Cacheable Content,info,0.5,0.0,0.0,0,-1,0,1,0,1.63,Info,1,0,0,0,0,0,0,0,1
1791,Storable but Non-Cacheable Content,info,0.5,0.0,0.0,0,-1,0,1,0,1.63,Info,1,0,0,0,0,0,0,0,1
1792,@tootallnate/once:2.0.0 | GHSA-vpq2-c234-7xj6,low,3.3,0.0,0.0,1,-1,0,1,0,3.09,Low,1,0,0,0,0,0,0,0,1
1793,base64url:0.0.6 | GHSA-rvg8-pwq2-xj7q,medium,5.0,0.0,0.0,2,-1,0,1,0,4.15,Medium,1,0,0,0,0,0,0,1,0
1794,cookie:0.4.2 | GHSA-pxg6-pf52-xh8x,low,2.5,0.0,0.0,1,-1,0,1,0,2.8,Low,1,0,0,0,0,0,0,0,1
1795,crypto-js:3.3.0 | GHSA-xwcq-pm8m-c4vf,critical,9.1,0.0,0.0,4,-1,0,1,0,6.53,High,1,0,0,0,1,0,0,0,0
1796,ecstatic:3.3.2 | GHSA-jc84-3g44-wf2q,medium,5.0,0.0,0.0,2,-1,0,1,0,4.15,Medium,1,0,0,0,0,0,0,0,1
1797,elliptic:6.6.1 | GHSA-848j-6mx2-7j84,medium,5.6,0.0,0.0,2,-1,0,1,0,4.37,Medium,1,0,0,0,0,0,0,0,1
1798,engine.io:4.1.2 | GHSA-r7qp-cfhv-p84w,medium,6.5,0.0,0.0,2,-1,0,1,0,4.69,Medium,1,0,0,0,0,0,0,0,1
1799,express-jwt:0.1.3 | GHSA-6g6m-m6h5-w9gf,high,7.7,0.0,0.0,3,-1,0,1,0,5.57,Medium,1,1,0,0,0,0,0,0,0
1800,file-type:16.5.4 | GHSA-5v7r-6r5c-r473,medium,5.3,0.0,0.0,2,-1,0,1,0,4.26,Medium,1,0,0,0,0,0,0,0,1
1801,got:8.3.2 | GHSA-pfrx-2q88-qq97,medium,5.3,0.0,0.0,2,-1,0,1,0,4.26,Medium,1,0,0,0,0,0,0,0,1
1802,js-yaml:3.14.1 | GHSA-mh29-5h37-fv8m,medium,5.3,0.0,0.0,2,-1,0,1,0,4.26,Medium,1,0,0,0,0,0,0,0,1
1803,jsonwebtoken:0.4.0 | GHSA-c7hr-j4mj-j2w6,critical,9.5,0.0,0.0,4,-1,0,1,0,6.67,High,1,0,0,0,0,0,0,0,1
1804,jsonwebtoken:0.4.0 | GHSA-8cf7-32gw-wr33,high,8.1,0.0,0.0,3,-1,0,1,0,5.72,Medium,1,0,0,0,1,0,0,0,0
1805,jsonwebtoken:0.4.0 | GHSA-qwph-4952-7xr6,medium,6.4,0.0,0.0,2,-1,0,1,0,4.65,Medium,1,0,0,0,0,0,0,0,1
1806,jsonwebtoken:0.4.0 | GHSA-hjrf-2m68-5959,medium,5.0,0.0,0.0,2,-1,0,1,0,4.15,Medium,1,0,1,0,0,0,0,0,0
1807,jws:0.2.6 | GHSA-gjcw-v447-2w7q,high,8.7,0.0,0.0,3,-1,0,1,0,5.93,Medium,1,0,0,0,0,0,0,0,1
1808,jws:0.2.6 | GHSA-869p-cjfg-cm3x,high,7.5,0.0,0.0,3,-1,0,1,0,5.5,Medium,1,0,0,0,0,0,0,0,1
1809,lodash.set:4.3.2 | GHSA-p6mc-m468-83gw,high,7.4,0.0,0.0,3,-1,0,1,0,5.46,Medium,1,0,0,0,0,0,0,0,1
1810,lodash:2.4.2 | GHSA-jf85-cpcp-j695,critical,9.1,0.0,0.0,4,-1,0,1,0,6.53,High,1,0,0,0,0,0,0,0,1
1811,lodash:2.4.2 | GHSA-35jh-r3h4-6jhm,high,7.2,0.0,0.0,3,-1,0,1,0,5.39,Medium,1,0,0,0,0,0,1,0,0
1812,lodash:2.4.2 | GHSA-4xc9-xhrj-v574,high,7.5,0.0,0.0,3,-1,0,1,0,5.5,Medium,1,0,0,0,0,0,0,0,1
1813,lodash:2.4.2 | GHSA-fvqr-27wr-82fm,medium,6.5,0.0,0.0,2,-1,0,1,0,4.69,Medium,1,0,0,0,0,0,0,0,1
1814,marsdb:0.6.11 | GHSA-5mrr-rgp6-x4gr,critical,9.5,0.0,0.0,4,-1,0,1,0,6.67,High,1,0,0,0,0,0,1,0,0
1815,micromatch:3.1.10 | GHSA-952p-6rrq-rcjv,medium,5.3,0.0,0.0,2,-1,0,1,0,4.26,Medium,1,0,0,0,0,0,0,0,1
1816,nanoid:3.1.20 | GHSA-qrpm-p2h7-hrv2,medium,5.5,0.0,0.0,2,-1,0,1,0,4.33,Medium,1,0,0,0,0,0,0,0,1
1817,nanoid:3.1.20 | GHSA-mwcw-c2x4-8c55,medium,4.3,0.0,0.0,2,-1,0,1,0,3.9,Low,1,0,0,0,0,0,0,0,1
1818,notevil:1.3.3 | GHSA-8g4m-cjm2-96wq,medium,6.5,0.0,0.0,2,-1,0,1,0,4.69,Medium,1,0,0,0,0,0,0,0,1
1819,parseuri:0.0.6 | GHSA-6fx8-h7jm-663j,medium,5.0,0.0,0.0,2,-1,0,1,0,4.15,Medium,1,0,0,0,0,0,0,0,1
1820,postcss:7.0.39 | GHSA-7fh5-64p2-3v2j,medium,5.3,0.0,0.0,2,-1,0,1,0,4.26,Medium,1,0,0,0,0,0,0,0,1
1821,sanitize-html:1.4.2 | GHSA-cgfm-xwp7-2cvr,high,7.5,0.0,0.0,3,-1,0,1,0,5.5,Medium,1,0,0,0,0,0,0,0,1
1822,sanitize-html:1.4.2 | GHSA-3j7m-hmh3-9jmp,medium,6.1,0.0,0.0,2,-1,0,1,0,4.55,Medium,1,0,0,0,0,0,1,0,0
1823,sanitize-html:1.4.2 | GHSA-qhxp-v273-g94h,medium,6.1,0.0,0.0,2,-1,0,1,0,4.55,Medium,1,0,0,0,0,0,1,0,0
1824,sanitize-html:1.4.2 | GHSA-mjxr-4v3x-q3m4,medium,5.3,0.0,0.0,2,-1,0,1,0,4.26,Medium,1,0,0,0,0,0,0,0,1
1825,sanitize-html:1.4.2 | GHSA-rjqq-98f6-6j3r,medium,5.3,0.0,0.0,2,-1,0,1,0,4.26,Medium,1,0,0,0,0,0,0,0,1
1826,sanitize-html:1.4.2 | GHSA-rm97-x556-q36h,medium,5.3,0.0,0.0,2,-1,0,1,0,4.26,Medium,1,0,0,0,0,0,0,0,1
1827,sanitize-html:1.4.2 | GHSA-xc6g-ggrc-qq4r,medium,5.0,0.0,0.0,2,-1,0,1,0,4.15,Medium,1,0,0,0,0,0,1,0,0
1828,serialize-javascript:5.0.1 | GHSA-5c6j-r48x-rmvq,high,8.1,0.0,0.0,3,-1,0,1,0,5.72,Medium,1,0,0,0,0,0,0,0,1
1829,socket.io-parser:4.0.5 | GHSA-cqmj-92xf-r6r9,high,7.3,0.0,0.0,3,-1,0,1,0,5.43,Medium,1,0,0,0,0,0,0,0,1
1830,socket.io:3.1.2 | GHSA-25hc-qcg6-38wj,high,7.3,0.0,0.0,3,-1,0,1,0,5.43,Medium,1,0,0,0,0,0,0,0,1
1831,tar:6.2.1 | GHSA-r6q2-hw4h-h46w,high,8.8,0.0,0.0,3,-1,0,0,0,5.97,Medium,1,0,0,0,0,0,0,0,1
1832,tar:6.2.1 | GHSA-34x7-hfp2-rc4v,high,8.2,0.0,0.0,3,-1,0,1,0,5.75,Medium,1,1,0,0,0,0,0,0,0
1833,tar:6.2.1 | GHSA-83g3-92jg-28cx,high,7.1,0.0,0.0,3,-1,0,1,0,5.36,Medium,1,1,0,0,0,0,0,0,0
1834,tar:6.2.1 | GHSA-8qq5-rm4j-mr97,high,7.5,0.0,0.0,3,-1,0,1,0,5.5,Medium,1,1,0,0,0,0,0,0,0
1835,tar:6.2.1 | GHSA-9ppj-qmqm-q256,high,7.5,0.0,0.0,3,-1,0,1,0,5.5,Medium,1,1,0,0,0,0,0,0,0
1836,tar:6.2.1 | GHSA-qffp-2rhf-9h96,high,7.5,0.0,0.0,3,-1,0,1,0,5.5,Medium,1,1,0,0,0,0,0,0,0
1837,vm2:3.9.17 | GHSA-99p7-6v5w-7xg8,critical,9.8,0.0,0.0,4,-1,0,1,0,6.78,High,1,0,0,0,0,0,0,0,1
1838,vm2:3.9.17 | GHSA-cchq-frgv-rjh5,critical,9.8,0.0,0.0,4,-1,0,1,0,6.78,High,1,0,0,0,0,0,0,0,1
1839,vm2:3.9.17 | GHSA-g644-9gfx-q4q4,critical,9.8,0.0,0.0,4,-1,0,1,0,6.78,High,1,0,0,0,0,0,1,0,0
1840,vm2:3.9.17 | GHSA-whpj-8f3w-67p5,critical,9.8,0.0,0.0,4,-1,0,1,0,6.78,High,1,0,0,0,0,0,0,0,1
1841,vm2:3.9.17 | GHSA-p5gc-c584-jj6v,medium,5.3,0.0,0.0,2,-1,0,1,0,4.26,Medium,1,0,0,0,0,0,0,0,1
1842,CVE-2022-27943 GCC-12-Base 12.2.0-14+deb12u1,low,5.5,0.00051,0.15846,1,-1,0,0,0,3.88,Low,1,0,0,0,0,0,0,0,1
1843,CVE-2026-0861 Libc6 2.36-9+deb12u13,high,8.1,0.0001,0.01082,3,-1,0,0,0,5.72,Medium,1,0,0,0,0,0,0,0,1
1844,CVE-2025-15281 Libc6 2.36-9+deb12u13,medium,5.9,0.00066,0.20358,2,-1,0,0,0,4.48,Medium,1,0,0,0,0,0,0,0,1
1845,CVE-2026-0915 Libc6 2.36-9+deb12u13,medium,5.3,0.0002,0.0524,2,-1,0,0,0,4.26,Medium,1,0,0,0,0,0,0,0,1
1846,CVE-2010-4756 Libc6 2.36-9+deb12u13,low,2.5,0.00405,0.60727,1,-1,0,0,0,2.81,Low,1,0,0,0,0,0,0,0,1
1847,CVE-2018-20796 Libc6 2.36-9+deb12u13,low,7.5,0.01533,0.81176,1,-1,0,0,0,4.64,Medium,1,0,0,0,0,0,0,0,1
1848,CVE-2019-1010022 Libc6 2.36-9+deb12u13,low,9.8,0.00131,0.32579,1,-1,0,0,0,5.43,Medium,1,0,0,0,0,0,0,1,0
1849,CVE-2019-1010023 Libc6 2.36-9+deb12u13,low,8.8,0.00322,0.54999,1,-1,0,0,0,5.08,Medium,1,0,0,0,0,0,0,0,1
1850,CVE-2019-1010024 Libc6 2.36-9+deb12u13,low,5.3,0.00646,0.70505,1,-1,0,0,0,3.83,Low,1,0,0,0,0,1,0,0,0
1851,CVE-2019-1010025 Libc6 2.36-9+deb12u13,low,5.3,0.00856,0.74807,1,-1,0,0,0,3.83,Low,1,0,0,0,0,0,0,0,1
1852,CVE-2019-9192 Libc6 2.36-9+deb12u13,low,7.5,0.00812,0.74095,1,-1,0,0,0,4.62,Medium,1,0,0,0,0,0,0,0,1
1853,CVE-2022-27943 Libgcc-S1 12.2.0-14+deb12u1,low,5.5,0.00051,0.15846,1,-1,0,0,0,3.88,Low,1,0,0,0,0,0,0,0,1
1854,CVE-2022-27943 Libgomp1 12.2.0-14+deb12u1,low,5.5,0.00051,0.15846,1,-1,0,0,0,3.88,Low,1,0,0,0,0,0,0,0,1
1855,CVE-2025-27587 Libssl3 3.0.18-1~deb12u2,low,2.5,0.00071,0.21576,1,-1,0,0,0,2.8,Low,1,0,0,0,0,0,0,0,1
1856,CVE-2022-27943 Libstdc++6 12.2.0-14+deb12u1,low,5.5,0.00051,0.15846,1,-1,0,0,0,3.88,Low,1,0,0,0,0,0,0,0,1
1857,CVE-2026-31808 File-Type 16.5.4,medium,5.3,0.00028,0.07656,2,-1,0,1,0,4.26,Medium,1,0,0,0,0,0,0,0,1
1858,CVE-2026-31802 Tar 4.4.19,high,7.5,7e-05,0.00484,3,-1,0,1,0,5.5,Medium,1,1,0,0,0,0,0,0,0
1859,CVE-2026-31802 Tar 6.2.1,high,7.5,7e-05,0.00484,3,-1,0,1,0,5.5,Medium,1,1,0,0,0,0,0,0,0
1860,python.lang.security.audit.dynamic-urllib-use-detected.dynamic-urllib-use-detected,medium,5.0,0.0,0.0,2,-1,0,0,0,4.15,Medium,1,0,0,0,0,0,0,0,1
1861,CVE-2022-27943 GCC-12-Base 12.2.0-14+deb12u1,low,5.5,0.00051,0.15846,1,-1,0,0,0,3.88,Low,1,0,0,0,0,0,0,0,1
1862,CVE-2026-0861 Libc6 2.36-9+deb12u13,high,8.1,0.0001,0.01082,3,-1,0,0,0,5.72,Medium,1,0,0,0,0,0,0,0,1
1863,CVE-2025-15281 Libc6 2.36-9+deb12u13,medium,5.9,0.00066,0.20358,2,-1,0,0,0,4.48,Medium,1,0,0,0,0,0,0,0,1
1864,CVE-2026-0915 Libc6 2.36-9+deb12u13,medium,5.3,0.0002,0.0524,2,-1,0,0,0,4.26,Medium,1,0,0,0,0,0,0,0,1
1865,CVE-2010-4756 Libc6 2.36-9+deb12u13,low,2.5,0.00405,0.60727,1,-1,0,0,0,2.81,Low,1,0,0,0,0,0,0,0,1
1866,CVE-2018-20796 Libc6 2.36-9+deb12u13,low,7.5,0.01533,0.81176,1,-1,0,0,0,4.64,Medium,1,0,0,0,0,0,0,0,1
1867,CVE-2019-1010022 Libc6 2.36-9+deb12u13,low,9.8,0.00131,0.32579,1,-1,0,0,0,5.43,Medium,1,0,0,0,0,0,0,1,0
1868,CVE-2019-1010023 Libc6 2.36-9+deb12u13,low,8.8,0.00322,0.54999,1,-1,0,0,0,5.08,Medium,1,0,0,0,0,0,0,0,1
1869,CVE-2019-1010024 Libc6 2.36-9+deb12u13,low,5.3,0.00646,0.70505,1,-1,0,0,0,3.83,Low,1,0,0,0,0,1,0,0,0
1870,CVE-2019-1010025 Libc6 2.36-9+deb12u13,low,5.3,0.00856,0.74807,1,-1,0,0,0,3.83,Low,1,0,0,0,0,0,0,0,1
1871,CVE-2019-9192 Libc6 2.36-9+deb12u13,low,7.5,0.00812,0.74095,1,-1,0,0,0,4.62,Medium,1,0,0,0,0,0,0,0,1
1872,CVE-2022-27943 Libgcc-S1 12.2.0-14+deb12u1,low,5.5,0.00051,0.15846,1,-1,0,0,0,3.88,Low,1,0,0,0,0,0,0,0,1
1873,CVE-2022-27943 Libgomp1 12.2.0-14+deb12u1,low,5.5,0.00051,0.15846,1,-1,0,0,0,3.88,Low,1,0,0,0,0,0,0,0,1
1874,CVE-2025-27587 Libssl3 3.0.18-1~deb12u2,low,2.5,0.00071,0.21576,1,-1,0,0,0,2.8,Low,1,0,0,0,0,0,0,0,1
1875,CVE-2022-27943 Libstdc++6 12.2.0-14+deb12u1,low,5.5,0.00051,0.15846,1,-1,0,0,0,3.88,Low,1,0,0,0,0,0,0,0,1
1876,CVE-2026-31988 Yauzl 2.10.0,medium,5.3,0.00133,0.32807,2,-1,0,0,0,4.26,Medium,1,0,0,0,0,0,0,0,1
1877,yauzl:2.10.0 | GHSA-gmq8-994r-jv83,medium,5.3,0.0,0.0,2,-1,0,0,0,4.26,Medium,1,0,0,0,0,0,0,0,1
1878,python.lang.security.audit.dynamic-urllib-use-detected.dynamic-urllib-use-detected,medium,5.0,0.0,0.0,2,-1,0,0,0,4.15,Medium,1,0,0,0,0,0,0,0,1
1879,python.lang.security.audit.dynamic-urllib-use-detected.dynamic-urllib-use-detected,medium,5.0,0.0,0.0,2,-1,0,0,0,4.15,Medium,1,0,0,0,0,0,0,0,1
1880,python.lang.security.audit.dynamic-urllib-use-detected.dynamic-urllib-use-detected,medium,5.0,0.0,0.0,2,-1,0,0,0,4.15,Medium,1,0,0,0,0,0,0,0,1
1881,CVE-2022-27943 GCC-12-Base 12.2.0-14+deb12u1,low,5.5,0.00051,0.15846,1,-1,0,0,0,3.88,Low,1,0,0,0,0,0,0,0,1
1882,CVE-2026-0861 Libc6 2.36-9+deb12u13,high,8.1,0.0001,0.01082,3,-1,0,0,0,5.72,Medium,1,0,0,0,0,0,0,0,1
1883,CVE-2025-15281 Libc6 2.36-9+deb12u13,medium,5.9,0.00066,0.20358,2,-1,0,0,0,4.48,Medium,1,0,0,0,0,0,0,0,1
1884,CVE-2026-0915 Libc6 2.36-9+deb12u13,medium,5.3,0.0002,0.0524,2,-1,0,0,0,4.26,Medium,1,0,0,0,0,0,0,0,1
1885,CVE-2010-4756 Libc6 2.36-9+deb12u13,low,2.5,0.00405,0.60727,1,-1,0,0,0,2.81,Low,1,0,0,0,0,0,0,0,1
1886,CVE-2018-20796 Libc6 2.36-9+deb12u13,low,7.5,0.01533,0.81176,1,-1,0,0,0,4.64,Medium,1,0,0,0,0,0,0,0,1
1887,CVE-2019-1010022 Libc6 2.36-9+deb12u13,low,9.8,0.00131,0.32579,1,-1,0,0,0,5.43,Medium,1,0,0,0,0,0,0,1,0
1888,CVE-2019-1010023 Libc6 2.36-9+deb12u13,low,8.8,0.00322,0.54999,1,-1,0,0,0,5.08,Medium,1,0,0,0,0,0,0,0,1
1889,CVE-2019-1010024 Libc6 2.36-9+deb12u13,low,5.3,0.00646,0.70505,1,-1,0,0,0,3.83,Low,1,0,0,0,0,1,0,0,0
1890,CVE-2019-1010025 Libc6 2.36-9+deb12u13,low,5.3,0.00856,0.74807,1,-1,0,0,0,3.83,Low,1,0,0,0,0,0,0,0,1
1891,CVE-2019-9192 Libc6 2.36-9+deb12u13,low,7.5,0.00812,0.74095,1,-1,0,0,0,4.62,Medium,1,0,0,0,0,0,0,0,1
1892,CVE-2022-27943 Libgcc-S1 12.2.0-14+deb12u1,low,5.5,0.00051,0.15846,1,-1,0,0,0,3.88,Low,1,0,0,0,0,0,0,0,1
1893,CVE-2022-27943 Libgomp1 12.2.0-14+deb12u1,low,5.5,0.00051,0.15846,1,-1,0,0,0,3.88,Low,1,0,0,0,0,0,0,0,1
1894,CVE-2025-27587 Libssl3 3.0.18-1~deb12u2,low,2.5,0.00071,0.21576,1,-1,0,0,0,2.8,Low,1,0,0,0,0,0,0,0,1
1895,CVE-2022-27943 Libstdc++6 12.2.0-14+deb12u1,low,5.5,0.00051,0.15846,1,-1,0,0,0,3.88,Low,1,0,0,0,0,0,0,0,1
1896,python.lang.security.audit.dynamic-urllib-use-detected.dynamic-urllib-use-detected,medium,5.0,0.0,0.0,2,-1,0,1,0,4.15,Medium,1,0,0,0,0,0,0,0,1
1897,python.lang.security.audit.dynamic-urllib-use-detected.dynamic-urllib-use-detected,medium,5.0,0.0,0.0,2,-1,0,1,0,4.15,Medium,1,0,0,0,0,0,0,0,1
1898,python.lang.security.audit.dynamic-urllib-use-detected.dynamic-urllib-use-detected,medium,5.0,0.0,0.0,2,-1,0,1,0,4.15,Medium,1,0,0,0,0,0,0,0,1
1899,CVE-2025-14505 Elliptic 6.6.1,low,5.6,0.00011,0.01444,1,-1,0,1,0,3.92,Low,1,0,0,0,0,0,0,0,1
1900,CVE-2024-34394 Libxmljs2 0.35.0,critical,8.1,0.0326,0.87025,4,-1,0,1,0,6.25,Medium,1,0,0,0,0,0,0,0,1
1901,CVE-2024-36751 Parseuri 0.0.6,medium,5.0,0.00059,0.18253,2,-1,0,1,0,4.15,Medium,1,0,0,0,0,0,0,0,1
1902,CVE-2023-32695 socket.io-parser 4.0.5,medium,7.3,0.00203,0.42251,2,-1,0,1,0,4.98,Medium,1,0,0,0,0,0,0,0,1
1903,CVE-2026-23745 Tar 6.2.1,high,7.5,7e-05,0.00645,3,-1,0,1,0,5.5,Medium,1,1,0,0,0,0,0,0,0
1904,CVE-2026-23950 Tar 6.2.1,high,8.8,8e-05,0.0068,3,-1,0,1,0,5.97,Medium,1,0,0,0,0,0,0,0,1
1905,CVE-2026-24842 Tar 6.2.1,high,8.2,0.00018,0.04568,3,-1,0,1,0,5.75,Medium,1,1,0,0,0,0,0,0,0
1906,CVE-2026-26960 Tar 6.2.1,high,7.1,5e-05,0.00225,3,-1,0,1,0,5.36,Medium,1,1,0,0,0,0,0,0,0
1907,CVE-2026-29786 Tar 6.2.1,high,7.5,5e-05,0.00249,3,-1,0,1,0,5.5,Medium,1,1,0,0,0,0,0,0,0
1908,CVE-2026-31802 Tar 6.2.1,high,7.5,7e-05,0.00484,3,-1,0,1,0,5.5,Medium,1,1,0,0,0,0,0,0,0
1909,CVE-2024-37890 Ws 7.4.6,high,7.5,0.00541,0.67415,3,-1,0,1,0,5.51,Medium,1,0,0,0,0,0,0,1,0
1910,CVE-2026-3449 @Tootallnate/Once 1.1.2,low,3.3,0.00013,0.02195,1,-1,0,1,0,3.09,Low,1,0,0,0,0,0,0,0,1
1911,CVE-2026-3449 @Tootallnate/Once 2.0.0,low,3.3,0.00013,0.02195,1,-1,0,1,0,3.09,Low,1,0,0,0,0,0,0,0,1
1912,NSWG-ECO-428 Base64url 0.0.6,high,7.5,0.0,0.0,3,-1,0,1,0,5.5,Medium,1,0,0,0,0,0,0,0,1
1913,GHSA-rvg8-pwq2-xj7q Base64url 0.0.6,medium,5.0,0.0,0.0,2,-1,0,1,0,4.15,Medium,1,0,0,0,0,0,0,0,1
1914,CVE-2024-4068 Braces 2.3.2,high,7.5,0.00203,0.42201,3,-1,0,1,0,5.51,Medium,1,0,0,0,0,0,0,0,1
1915,CVE-2024-47764 Cookie 0.4.2,low,3.7,0.00205,0.42477,1,-1,0,1,0,3.24,Low,1,0,0,0,0,0,0,0,1
1916,CVE-2023-46233 Crypto-Js 3.3.0,critical,9.1,0.00823,0.74268,4,-1,0,1,0,6.55,High,1,0,0,0,1,0,0,0,0
1917,CVE-2022-41940 engine.io 4.1.2,medium,6.5,0.0206,0.83764,2,-1,0,1,0,4.75,Medium,1,0,0,0,0,0,0,0,1
1918,CVE-2020-15084 Express-JWT 0.1.3,high,7.7,0.00222,0.4463,3,-1,0,1,0,5.58,Medium,1,0,0,0,0,0,0,0,1
1919,CVE-2026-31808 File-Type 16.5.4,medium,5.3,0.00028,0.07656,2,-1,0,1,0,4.26,Medium,1,0,0,0,0,0,0,0,1
1920,CVE-2022-33987 Got 8.3.2,medium,5.3,0.00807,0.74017,2,-1,0,1,0,4.28,Medium,1,0,0,0,0,0,0,0,1
1921,CVE-2022-25881 HTTP-Cache-Semantics 3.8.1,high,7.5,0.00196,0.41375,3,-1,0,1,0,5.51,Medium,1,0,0,0,0,0,0,0,1
1922,CVE-2015-9235 Jsonwebtoken 0.1.0,critical,9.8,0.37066,0.97115,4,-1,0,1,0,7.78,High,1,0,0,0,0,0,0,0,1
1923,CVE-2022-23539 Jsonwebtoken 0.1.0,high,8.1,0.00072,0.21881,3,-1,0,1,0,5.72,Medium,1,0,0,0,1,0,0,0,0
1924,NSWG-ECO-17 Jsonwebtoken 0.1.0,high,7.5,0.0,0.0,3,-1,0,1,0,5.5,Medium,1,0,0,0,0,0,0,0,1
1925,CVE-2022-23540 Jsonwebtoken 0.1.0,medium,6.4,0.00017,0.04174,2,-1,0,1,0,4.65,Medium,1,0,1,0,0,0,0,0,0
1926,CVE-2022-23541 Jsonwebtoken 0.1.0,medium,5.0,0.0006,0.18743,2,-1,0,1,0,4.15,Medium,1,0,1,0,0,0,0,0,0
1927,CVE-2015-9235 Jsonwebtoken 0.4.0,critical,9.8,0.37066,0.97115,4,-1,0,1,0,7.78,High,1,0,0,0,0,0,0,0,1
1928,CVE-2022-23539 Jsonwebtoken 0.4.0,high,8.1,0.00072,0.21881,3,-1,0,1,0,5.72,Medium,1,0,0,0,1,0,0,0,0
1929,NSWG-ECO-17 Jsonwebtoken 0.4.0,high,7.5,0.0,0.0,3,-1,0,1,0,5.5,Medium,1,0,0,0,0,0,0,0,1
1930,CVE-2022-23540 Jsonwebtoken 0.4.0,medium,6.4,0.00017,0.04174,2,-1,0,1,0,4.65,Medium,1,0,1,0,0,0,0,0,0
1931,CVE-2022-23541 Jsonwebtoken 0.4.0,medium,5.0,0.0006,0.18743,2,-1,0,1,0,4.15,Medium,1,0,1,0,0,0,0,0,0
1932,CVE-2016-1000223 JWS 0.2.6,high,8.7,0.0,0.0,3,-1,0,1,0,5.93,Medium,1,0,0,0,0,0,0,0,1
1933,Cve-2025-65945 JWS 0.2.6,high,7.5,0.0001,0.01086,3,-1,0,1,0,5.5,Medium,1,0,0,0,0,0,0,0,1
1934,CVE-2019-10744 Lodash 2.4.2,critical,9.1,0.03254,0.87014,4,-1,0,1,0,6.61,High,1,0,0,0,0,0,0,0,1
1935,CVE-2018-16487 Lodash 2.4.2,high,5.6,0.00345,0.56777,3,-1,0,1,0,4.83,Medium,1,0,0,0,0,0,0,0,1
1936,CVE-2021-23337 Lodash 2.4.2,high,7.2,0.00517,0.66478,3,-1,0,1,0,5.41,Medium,1,0,0,0,0,0,0,0,1
1937,CVE-2018-3721 Lodash 2.4.2,low,6.5,0.00252,0.48351,1,-1,0,1,0,4.25,Medium,1,0,0,0,0,0,0,0,1
1938,CVE-2020-8203 lodash.set 4.3.2,high,7.4,0.02826,0.86028,3,-1,0,1,0,5.54,Medium,1,0,0,0,0,0,0,0,1
1939,GHSA-5mrr-rgp6-x4gr Marsdb 0.6.11,critical,9.5,0.0,0.0,4,-1,0,1,0,6.67,High,1,0,0,0,0,0,0,0,1
1940,CVE-2025-57349 Messageformat 2.3.0,low,2.5,0.00306,0.53605,1,-1,0,1,0,2.81,Low,1,0,0,0,0,0,0,0,1
1941,CVE-2024-4067 Micromatch 3.1.10,medium,5.3,0.00126,0.31823,2,-1,0,1,0,4.26,Medium,1,0,0,0,0,0,0,0,1
1942,CVE-2026-26996 Minimatch 3.0.5,high,7.5,0.00017,0.03934,3,-1,0,1,0,5.5,Medium,1,0,0,0,0,0,0,0,1
1943,CVE-2026-27903 Minimatch 3.0.5,high,7.5,0.00023,0.06075,3,-1,0,1,0,5.5,Medium,1,0,0,0,0,0,0,0,1
1944,CVE-2026-27904 Minimatch 3.0.5,high,7.5,0.00017,0.03968,3,-1,0,1,0,5.5,Medium,1,0,0,0,0,0,0,0,1
1945,CVE-2026-26996 Minimatch 3.0.8,high,7.5,0.00017,0.03934,3,-1,0,1,0,5.5,Medium,1,0,0,0,0,0,0,0,1
1946,CVE-2026-27903 Minimatch 3.0.8,high,7.5,0.00023,0.06075,3,-1,0,1,0,5.5,Medium,1,0,0,0,0,0,0,0,1
1947,CVE-2026-27904 Minimatch 3.0.8,high,7.5,0.00017,0.03968,3,-1,0,1,0,5.5,Medium,1,0,0,0,0,0,0,0,1
1948,CVE-2017-18214 Moment 2.0.0,high,7.5,0.00421,0.61768,3,-1,0,1,0,5.51,Medium,1,0,0,0,0,0,0,0,1
1949,CVE-2022-24785 Moment 2.0.0,high,7.5,0.01673,0.81991,3,-1,0,1,0,5.55,Medium,1,1,0,0,0,0,0,0,0
1950,CVE-2016-4055 Moment 2.0.0,medium,6.5,0.02708,0.85747,2,-1,0,1,0,4.76,Medium,1,0,0,0,0,0,0,0,1
1951,CVE-2025-47935 Multer 1.4.5-lts.2,high,7.5,0.00177,0.38989,3,-1,0,1,0,5.5,Medium,1,0,0,0,0,0,0,1,0
1952,CVE-2025-47944 Multer 1.4.5-lts.2,high,7.5,0.00041,0.12276,3,-1,0,1,0,5.5,Medium,1,0,0,0,0,0,0,0,1
1953,CVE-2025-48997 Multer 1.4.5-lts.2,high,7.5,0.00068,0.20934,3,-1,0,1,0,5.5,Medium,1,0,0,0,0,0,0,0,1
1954,CVE-2025-7338 Multer 1.4.5-lts.2,high,7.5,0.00013,0.01934,3,-1,0,1,0,5.5,Medium,1,0,0,0,0,0,0,0,1
1955,CVE-2026-2359 Multer 1.4.5-lts.2,high,7.5,0.00017,0.03954,3,-1,0,1,0,5.5,Medium,1,0,0,0,0,0,0,0,1
1956,CVE-2026-3304 Multer 1.4.5-lts.2,high,7.5,0.00017,0.03954,3,-1,0,1,0,5.5,Medium,1,0,0,0,0,0,0,0,1
1957,CVE-2026-3520 Multer 1.4.5-lts.2,high,7.5,0.00058,0.18222,3,-1,0,1,0,5.5,Medium,1,0,0,0,0,0,0,0,1
1958,CVE-2021-23771 Notevil 1.3.3,medium,6.5,0.00304,0.53447,2,-1,0,1,0,4.7,Medium,1,0,0,0,0,0,0,0,1
1959,CVE-2022-25887 Sanitize-HTML 1.4.2,high,7.5,0.00447,0.63296,3,-1,0,1,0,5.51,Medium,1,0,0,0,0,0,0,0,1
1960,CVE-2016-1000237 Sanitize-HTML 1.4.2,medium,6.1,0.00328,0.55481,2,-1,0,1,0,4.55,Medium,1,0,0,0,0,0,1,0,0
1961,CVE-2017-16016 Sanitize-HTML 1.4.2,medium,6.1,0.00286,0.51794,2,-1,0,1,0,4.55,Medium,1,0,0,0,0,0,1,0,0
1962,CVE-2019-25225 Sanitize-HTML 1.4.2,medium,6.1,0.0004,0.12005,2,-1,0,1,0,4.55,Medium,1,0,0,0,0,0,1,0,0
1963,CVE-2021-26539 Sanitize-HTML 1.4.2,medium,5.3,0.00288,0.52045,2,-1,0,1,0,4.27,Medium,1,0,0,0,0,0,0,0,1
1964,CVE-2021-26540 Sanitize-HTML 1.4.2,medium,5.3,0.00288,0.52045,2,-1,0,1,0,4.27,Medium,1,0,0,0,0,0,0,0,1
1965,CVE-2024-21501 Sanitize-HTML 1.4.2,medium,5.3,0.01807,0.82677,2,-1,0,1,0,4.31,Medium,1,0,0,0,0,1,0,0,0
1966,NSWG-ECO-154 Sanitize-HTML 1.4.2,medium,5.0,0.0,0.0,2,-1,0,1,0,4.15,Medium,1,0,0,0,0,0,0,0,1
1967,CVE-2024-38355 socket.io 3.1.2,medium,7.3,0.00136,0.33213,2,-1,0,1,0,4.98,Medium,1,0,0,0,0,0,0,0,1
1968,CVE-2023-32695 socket.io-parser 4.0.5,medium,7.3,0.00203,0.42251,2,-1,0,1,0,4.98,Medium,1,0,0,0,0,0,0,0,1
1969,CVE-2026-23745 Tar 4.4.19,high,7.5,7e-05,0.00645,3,-1,0,1,0,5.5,Medium,1,1,0,0,0,0,0,0,0
1970,CVE-2026-23950 Tar 4.4.19,high,8.8,8e-05,0.0068,3,-1,0,1,0,5.97,Medium,1,0,0,0,0,0,0,0,1
1971,CVE-2026-24842 Tar 4.4.19,high,8.2,0.00018,0.04568,3,-1,0,1,0,5.75,Medium,1,1,0,0,0,0,0,0,0
1972,CVE-2026-26960 Tar 4.4.19,high,7.1,5e-05,0.00225,3,-1,0,1,0,5.36,Medium,1,1,0,0,0,0,0,0,0
1973,CVE-2026-29786 Tar 4.4.19,high,7.5,5e-05,0.00249,3,-1,0,1,0,5.5,Medium,1,1,0,0,0,0,0,0,0
1974,CVE-2026-31802 Tar 4.4.19,high,7.5,7e-05,0.00484,3,-1,0,1,0,5.5,Medium,1,1,0,0,0,0,0,0,0
1975,CVE-2024-28863 Tar 4.4.19,medium,6.5,0.00463,0.64003,2,-1,0,1,0,4.7,Medium,1,0,0,0,0,0,0,0,1
1976,CVE-2026-23745 Tar 6.2.1,high,7.5,7e-05,0.00645,3,-1,0,1,0,5.5,Medium,1,1,0,0,0,0,0,0,0
1977,CVE-2026-23950 Tar 6.2.1,high,8.8,8e-05,0.0068,3,-1,0,1,0,5.97,Medium,1,0,0,0,0,0,0,0,1
1978,CVE-2026-24842 Tar 6.2.1,high,8.2,0.00018,0.04568,3,-1,0,1,0,5.75,Medium,1,1,0,0,0,0,0,0,0
1979,CVE-2026-26960 Tar 6.2.1,high,7.1,5e-05,0.00225,3,-1,0,1,0,5.36,Medium,1,1,0,0,0,0,0,0,0
1980,CVE-2026-29786 Tar 6.2.1,high,7.5,5e-05,0.00249,3,-1,0,1,0,5.5,Medium,1,1,0,0,0,0,0,0,0
1981,CVE-2026-31802 Tar 6.2.1,high,7.5,7e-05,0.00484,3,-1,0,1,0,5.5,Medium,1,1,0,0,0,0,0,0,0
1982,CVE-2023-32314 Vm2 3.9.17,critical,9.8,0.70028,0.98651,4,-1,0,1,0,8.67,Critical,1,0,0,0,0,0,0,0,1
1983,CVE-2023-37466 Vm2 3.9.17,critical,9.8,0.04997,0.89612,4,-1,0,1,0,6.91,High,1,0,0,0,0,0,0,0,1
1984,CVE-2023-37903 Vm2 3.9.17,critical,9.8,0.39819,0.97276,4,-1,0,1,0,7.85,High,1,0,0,0,0,0,1,0,0
1985,CVE-2026-22709 Vm2 3.9.17,critical,9.8,0.00044,0.13475,4,-1,0,1,0,6.78,High,1,0,0,0,0,0,0,0,1
1986,CVE-2023-32313 Vm2 3.9.17,medium,5.3,0.00575,0.68541,2,-1,0,1,0,4.27,Medium,1,0,0,0,0,0,0,0,1
1987,CVE-2024-37890 Ws 7.4.6,high,7.5,0.00541,0.67415,3,-1,0,1,0,5.51,Medium,1,0,0,0,0,0,0,1,0
1988,CVE-2026-31988 Yauzl 2.10.0,medium,5.3,0.00133,0.32807,2,-1,0,0,0,4.26,Medium,1,0,0,0,0,0,0,0,1
1989,CVE-2022-27943 GCC-12-Base 12.2.0-14+deb12u1,low,5.5,0.00051,0.15846,1,-1,0,0,0,3.88,Low,1,0,0,0,0,0,0,0,1
1990,CVE-2026-0861 Libc6 2.36-9+deb12u13,high,8.1,0.0001,0.01082,3,-1,0,0,0,5.72,Medium,1,0,0,0,0,0,0,0,1
1991,CVE-2025-15281 Libc6 2.36-9+deb12u13,medium,5.9,0.00066,0.20358,2,-1,0,0,0,4.48,Medium,1,0,0,0,0,0,0,0,1
1992,CVE-2026-0915 Libc6 2.36-9+deb12u13,medium,5.3,0.0002,0.0524,2,-1,0,0,0,4.26,Medium,1,0,0,0,0,0,0,0,1
1993,CVE-2010-4756 Libc6 2.36-9+deb12u13,low,2.5,0.00405,0.60727,1,-1,0,0,0,2.81,Low,1,0,0,0,0,0,0,0,1
1994,CVE-2018-20796 Libc6 2.36-9+deb12u13,low,7.5,0.01533,0.81176,1,-1,0,0,0,4.64,Medium,1,0,0,0,0,0,0,0,1
1995,CVE-2019-1010022 Libc6 2.36-9+deb12u13,low,9.8,0.00131,0.32579,1,-1,0,0,0,5.43,Medium,1,0,0,0,0,0,0,1,0
1996,CVE-2019-1010023 Libc6 2.36-9+deb12u13,low,8.8,0.00322,0.54999,1,-1,0,0,0,5.08,Medium,1,0,0,0,0,0,0,0,1
1997,CVE-2019-1010024 Libc6 2.36-9+deb12u13,low,5.3,0.00646,0.70505,1,-1,0,0,0,3.83,Low,1,0,0,0,0,1,0,0,0
1998,CVE-2019-1010025 Libc6 2.36-9+deb12u13,low,5.3,0.00856,0.74807,1,-1,0,0,0,3.83,Low,1,0,0,0,0,0,0,0,1
1999,CVE-2019-9192 Libc6 2.36-9+deb12u13,low,7.5,0.00812,0.74095,1,-1,0,0,0,4.62,Medium,1,0,0,0,0,0,0,0,1
2000,CVE-2022-27943 Libgcc-S1 12.2.0-14+deb12u1,low,5.5,0.00051,0.15846,1,-1,0,0,0,3.88,Low,1,0,0,0,0,0,0,0,1
2001,CVE-2022-27943 Libgomp1 12.2.0-14+deb12u1,low,5.5,0.00051,0.15846,1,-1,0,0,0,3.88,Low,1,0,0,0,0,0,0,0,1
2002,CVE-2025-27587 Libssl3 3.0.18-1~deb12u2,low,2.5,0.00071,0.21576,1,-1,0,0,0,2.8,Low,1,0,0,0,0,0,0,0,1
2003,CVE-2022-27943 Libstdc++6 12.2.0-14+deb12u1,low,5.5,0.00051,0.15846,1,-1,0,0,0,3.88,Low,1,0,0,0,0,0,0,0,1
2004,CVE-2024-47081 Requests 2.32.3,medium,5.3,0.00065,0.2,2,-1,0,1,0,4.26,Medium,1,0,1,0,0,0,0,0,0
2005,CVE-2026-33151 socket.io-parser 4.0.5,high,7.5,0.00085,0.24674,3,-1,0,1,0,5.5,Medium,1,0,0,0,0,0,0,0,1
2006,CVE-2026-33151 socket.io-parser 4.0.5,high,7.5,0.00085,0.24674,3,-1,0,1,0,5.5,Medium,1,0,0,0,0,0,0,0,1
2007,CVE-2022-27943 GCC-12-Base 12.2.0-14+deb12u1,low,5.5,0.00051,0.15846,1,-1,0,0,0,3.88,Low,1,0,0,0,0,0,0,0,1
2008,CVE-2026-0861 Libc6 2.36-9+deb12u13,high,8.1,0.0001,0.01082,3,-1,0,0,0,5.72,Medium,1,0,0,0,0,0,0,0,1
2009,CVE-2025-15281 Libc6 2.36-9+deb12u13,medium,5.9,0.00066,0.20358,2,-1,0,0,0,4.48,Medium,1,0,0,0,0,0,0,0,1
2010,CVE-2026-0915 Libc6 2.36-9+deb12u13,medium,5.3,0.0002,0.0524,2,-1,0,0,0,4.26,Medium,1,0,0,0,0,0,0,0,1
2011,CVE-2010-4756 Libc6 2.36-9+deb12u13,low,2.5,0.00405,0.60727,1,-1,0,0,0,2.81,Low,1,0,0,0,0,0,0,0,1
2012,CVE-2018-20796 Libc6 2.36-9+deb12u13,low,7.5,0.01533,0.81176,1,-1,0,0,0,4.64,Medium,1,0,0,0,0,0,0,0,1
2013,CVE-2019-1010022 Libc6 2.36-9+deb12u13,low,9.8,0.00131,0.32579,1,-1,0,0,0,5.43,Medium,1,0,0,0,0,0,0,1,0
2014,CVE-2019-1010023 Libc6 2.36-9+deb12u13,low,8.8,0.00322,0.54999,1,-1,0,0,0,5.08,Medium,1,0,0,0,0,0,0,0,1
2015,CVE-2019-1010024 Libc6 2.36-9+deb12u13,low,5.3,0.00646,0.70505,1,-1,0,0,0,3.83,Low,1,0,0,0,0,1,0,0,0
2016,CVE-2019-1010025 Libc6 2.36-9+deb12u13,low,5.3,0.00856,0.74807,1,-1,0,0,0,3.83,Low,1,0,0,0,0,0,0,0,1
2017,CVE-2019-9192 Libc6 2.36-9+deb12u13,low,7.5,0.00812,0.74095,1,-1,0,0,0,4.62,Medium,1,0,0,0,0,0,0,0,1
2018,CVE-2022-27943 Libgcc-S1 12.2.0-14+deb12u1,low,5.5,0.00051,0.15846,1,-1,0,0,0,3.88,Low,1,0,0,0,0,0,0,0,1
2019,CVE-2022-27943 Libgomp1 12.2.0-14+deb12u1,low,5.5,0.00051,0.15846,1,-1,0,0,0,3.88,Low,1,0,0,0,0,0,0,0,1
2020,CVE-2025-27587 Libssl3 3.0.18-1~deb12u2,low,2.5,0.00071,0.21576,1,-1,0,0,0,2.8,Low,1,0,0,0,0,0,0,0,1
2021,CVE-2022-27943 Libstdc++6 12.2.0-14+deb12u1,low,5.5,0.00051,0.15846,1,-1,0,0,0,3.88,Low,1,0,0,0,0,0,0,0,1
2022,CVE-2026-33151 socket.io-parser 4.0.5,high,7.5,0.00085,0.24674,3,-1,0,1,0,5.5,Medium,1,0,0,0,0,0,0,0,1
2023,socket.io-parser:4.0.5 | GHSA-677m-j7p3-52f9,high,7.5,0.0,0.0,3,-1,0,1,0,5.5,Medium,1,0,0,0,0,0,0,0,1
2024,tar:6.2.1 | GHSA-r6q2-hw4h-h46w,high,8.8,0.0,0.0,3,-1,0,1,0,5.97,Medium,1,0,0,0,0,0,0,0,1
2025,CVE-2022-27943 GCC-12-Base 12.2.0-14+deb12u1,low,5.5,0.00051,0.15846,1,-1,0,0,0,3.88,Low,1,0,0,0,0,0,0,0,1
2026,CVE-2026-0861 Libc6 2.36-9+deb12u13,high,8.1,0.0001,0.01082,3,-1,0,0,0,5.72,Medium,1,0,0,0,0,0,0,0,1
2027,CVE-2025-15281 Libc6 2.36-9+deb12u13,medium,5.9,0.00066,0.20358,2,-1,0,0,0,4.48,Medium,1,0,0,0,0,0,0,0,1
2028,CVE-2026-0915 Libc6 2.36-9+deb12u13,medium,5.3,0.0002,0.0524,2,-1,0,0,0,4.26,Medium,1,0,0,0,0,0,0,0,1
2029,CVE-2010-4756 Libc6 2.36-9+deb12u13,low,2.5,0.00405,0.60727,1,-1,0,0,0,2.81,Low,1,0,0,0,0,0,0,0,1
2030,CVE-2018-20796 Libc6 2.36-9+deb12u13,low,7.5,0.01533,0.81176,1,-1,0,0,0,4.64,Medium,1,0,0,0,0,0,0,0,1
2031,CVE-2019-1010022 Libc6 2.36-9+deb12u13,low,9.8,0.00131,0.32579,1,-1,0,0,0,5.43,Medium,1,0,0,0,0,0,0,1,0
2032,CVE-2019-1010023 Libc6 2.36-9+deb12u13,low,8.8,0.00322,0.54999,1,-1,0,0,0,5.08,Medium,1,0,0,0,0,0,0,0,1
2033,CVE-2019-1010024 Libc6 2.36-9+deb12u13,low,5.3,0.00646,0.70505,1,-1,0,0,0,3.83,Low,1,0,0,0,0,1,0,0,0
2034,CVE-2019-1010025 Libc6 2.36-9+deb12u13,low,5.3,0.00856,0.74807,1,-1,0,0,0,3.83,Low,1,0,0,0,0,0,0,0,1
2035,CVE-2019-9192 Libc6 2.36-9+deb12u13,low,7.5,0.00812,0.74095,1,-1,0,0,0,4.62,Medium,1,0,0,0,0,0,0,0,1
2036,CVE-2022-27943 Libgcc-S1 12.2.0-14+deb12u1,low,5.5,0.00051,0.15846,1,-1,0,0,0,3.88,Low,1,0,0,0,0,0,0,0,1
2037,CVE-2022-27943 Libgomp1 12.2.0-14+deb12u1,low,5.5,0.00051,0.15846,1,-1,0,0,0,3.88,Low,1,0,0,0,0,0,0,0,1
2038,CVE-2025-27587 Libssl3 3.0.18-1~deb12u2,low,2.5,0.00071,0.21576,1,-1,0,0,0,2.8,Low,1,0,0,0,0,0,0,0,1
2039,CVE-2022-27943 Libstdc++6 12.2.0-14+deb12u1,low,5.5,0.00051,0.15846,1,-1,0,0,0,3.88,Low,1,0,0,0,0,0,0,0,1
2040,CVE-2022-27943 GCC-12-Base 12.2.0-14+deb12u1,low,5.5,0.00051,0.15846,1,-1,0,0,0,3.88,Low,1,0,0,0,0,0,0,0,1
2041,CVE-2026-0861 Libc6 2.36-9+deb12u13,high,8.1,0.0001,0.01082,3,-1,0,0,0,5.72,Medium,1,0,0,0,0,0,0,0,1
2042,CVE-2025-15281 Libc6 2.36-9+deb12u13,medium,5.9,0.00066,0.20358,2,-1,0,0,0,4.48,Medium,1,0,0,0,0,0,0,0,1
2043,CVE-2026-0915 Libc6 2.36-9+deb12u13,medium,5.3,0.0002,0.0524,2,-1,0,0,0,4.26,Medium,1,0,0,0,0,0,0,0,1
2044,CVE-2010-4756 Libc6 2.36-9+deb12u13,low,2.5,0.00405,0.60727,1,-1,0,0,0,2.81,Low,1,0,0,0,0,0,0,0,1
2045,CVE-2018-20796 Libc6 2.36-9+deb12u13,low,7.5,0.01533,0.81176,1,-1,0,0,0,4.64,Medium,1,0,0,0,0,0,0,0,1
2046,CVE-2019-1010022 Libc6 2.36-9+deb12u13,low,9.8,0.00131,0.32579,1,-1,0,0,0,5.43,Medium,1,0,0,0,0,0,0,1,0
2047,CVE-2019-1010023 Libc6 2.36-9+deb12u13,low,8.8,0.00322,0.54999,1,-1,0,0,0,5.08,Medium,1,0,0,0,0,0,0,0,1
2048,CVE-2019-1010024 Libc6 2.36-9+deb12u13,low,5.3,0.00646,0.70505,1,-1,0,0,0,3.83,Low,1,0,0,0,0,1,0,0,0
2049,CVE-2019-1010025 Libc6 2.36-9+deb12u13,low,5.3,0.00856,0.74807,1,-1,0,0,0,3.83,Low,1,0,0,0,0,0,0,0,1
2050,CVE-2019-9192 Libc6 2.36-9+deb12u13,low,7.5,0.00812,0.74095,1,-1,0,0,0,4.62,Medium,1,0,0,0,0,0,0,0,1
2051,CVE-2022-27943 Libgcc-S1 12.2.0-14+deb12u1,low,5.5,0.00051,0.15846,1,-1,0,0,0,3.88,Low,1,0,0,0,0,0,0,0,1
2052,CVE-2022-27943 Libgomp1 12.2.0-14+deb12u1,low,5.5,0.00051,0.15846,1,-1,0,0,0,3.88,Low,1,0,0,0,0,0,0,0,1
2053,CVE-2025-27587 Libssl3 3.0.18-1~deb12u2,low,2.5,0.00071,0.21576,1,-1,0,0,0,2.8,Low,1,0,0,0,0,0,0,0,1
2054,CVE-2022-27943 Libstdc++6 12.2.0-14+deb12u1,low,5.5,0.00051,0.15846,1,-1,0,0,0,3.88,Low,1,0,0,0,0,0,0,0,1
2055,CVE-2022-27943 GCC-12-Base 12.2.0-14+deb12u1,low,5.5,0.00051,0.15846,1,-1,0,1,0,3.88,Low,1,0,0,0,0,0,0,0,1
2056,CVE-2026-0861 Libc6 2.36-9+deb12u13,high,8.1,0.0001,0.01082,3,-1,0,1,0,5.72,Medium,1,0,0,0,0,0,0,0,1
2057,CVE-2025-15281 Libc6 2.36-9+deb12u13,medium,5.9,0.00066,0.20358,2,-1,0,1,0,4.48,Medium,1,0,0,0,0,0,0,0,1
2058,CVE-2026-0915 Libc6 2.36-9+deb12u13,medium,5.3,0.0002,0.0524,2,-1,0,1,0,4.26,Medium,1,0,0,0,0,0,0,0,1
2059,CVE-2010-4756 Libc6 2.36-9+deb12u13,low,2.5,0.00405,0.60727,1,-1,0,1,0,2.81,Low,1,0,0,0,0,0,0,0,1
2060,CVE-2018-20796 Libc6 2.36-9+deb12u13,low,7.5,0.01533,0.81176,1,-1,0,1,0,4.64,Medium,1,0,0,0,0,0,0,0,1
2061,CVE-2019-1010022 Libc6 2.36-9+deb12u13,low,9.8,0.00131,0.32579,1,-1,0,1,0,5.43,Medium,1,0,0,0,0,0,0,1,0
2062,CVE-2019-1010023 Libc6 2.36-9+deb12u13,low,8.8,0.00322,0.54999,1,-1,0,1,0,5.08,Medium,1,0,0,0,0,0,0,0,1
2063,CVE-2019-1010024 Libc6 2.36-9+deb12u13,low,5.3,0.00646,0.70505,1,-1,0,1,0,3.83,Low,1,0,0,0,0,1,0,0,0
2064,CVE-2019-1010025 Libc6 2.36-9+deb12u13,low,5.3,0.00856,0.74807,1,-1,0,1,0,3.83,Low,1,0,0,0,0,0,0,0,1
2065,CVE-2019-9192 Libc6 2.36-9+deb12u13,low,7.5,0.00812,0.74095,1,-1,0,1,0,4.62,Medium,1,0,0,0,0,0,0,0,1
2066,CVE-2022-27943 Libgcc-S1 12.2.0-14+deb12u1,low,5.5,0.00051,0.15846,1,-1,0,1,0,3.88,Low,1,0,0,0,0,0,0,0,1
2067,CVE-2022-27943 Libgomp1 12.2.0-14+deb12u1,low,5.5,0.00051,0.15846,1,-1,0,1,0,3.88,Low,1,0,0,0,0,0,0,0,1
2068,CVE-2025-27587 Libssl3 3.0.18-1~deb12u2,low,2.5,0.00071,0.21576,1,-1,0,1,0,2.8,Low,1,0,0,0,0,0,0,0,1
2069,CVE-2022-27943 Libstdc++6 12.2.0-14+deb12u1,low,5.5,0.00051,0.15846,1,-1,0,1,0,3.88,Low,1,0,0,0,0,0,0,0,1
